[{"model": "quiz.category", "pk": 1, "fields": {"name": "python"}}, {"model": "quiz.category", "pk": 2, "fields": {"name": "C Programming"}}, {"model": "quiz.category", "pk": 3, "fields": {"name": "Object Oriented Programming with C++"}}, {"model": "quiz.category", "pk": 4, "fields": {"name": "Data Structures"}}, {"model": "quiz.category", "pk": 5, "fields": {"name": "Linux"}}, {"model": "quiz.category", "pk": 6, "fields": {"name": "SQL"}}, {"model": "quiz.category", "pk": 7, "fields": {"name": "VB.NET"}}, {"model": "quiz.category", "pk": 8, "fields": {"name": "Embedded OS"}}, {"model": "quiz.question", "pk": 1, "fields": {"category": 1, "text": "What is Python?", "correct_answer": "Programming language"}}, {"model": "quiz.question", "pk": 2, "fields": {"category": 2, "text": "Which symbol is used to end a statement in C?", "correct_answer": ";"}}, {"model": "quiz.question", "pk": 3, "fields": {"category": 2, "text": "Which function is entry point of C program?", "correct_answer": "main()"}}, {"model": "quiz.question", "pk": 4, "fields": {"category": 2, "text": "Which header file is used for printf()?", "correct_answer": "stdio.h"}}, {"model": "quiz.question", "pk": 5, "fields": {"category": 2, "text": "Array index in C starts from?", "correct_answer": "0"}}, {"model": "quiz.question", "pk": 6, "fields": {"category": 2, "text": "Which operator is used to get address of variable?", "correct_answer": "&"}}, {"model": "quiz.question", "pk": 7, "fields": {"category": 2, "text": "Which loop runs at least once?", "correct_answer": "do-while"}}, {"model": "quiz.question", "pk": 8, "fields": {"category": 2, "text": "Which data type stores decimal numbers?", "correct_answer": "float"}}, {"model": "quiz.question", "pk": 9, "fields": {"category": 2, "text": "Which keyword is used to define constant?", "correct_answer": "const"}}, {"model": "quiz.question", "pk": 10, "fields": {"category": 2, "text": "Which symbol is used for comments in single line?", "correct_answer": "//"}}, {"model": "quiz.question", "pk": 11, "fields": {"category": 2, "text": "Which function is used to read input?", "correct_answer": "scanf()"}}, {"model": "quiz.question", "pk": 12, "fields": {"category": 3, "text": "Which concept allows same function name with different parameters?", "correct_answer": "Function Overloading"}}, {"model": "quiz.question", "pk": 13, "fields": {"category": 3, "text": "Which symbol is used to access class members?", "correct_answer": ". (Dot)"}}, {"model": "quiz.question", "pk": 14, "fields": {"category": 3, "text": "Which keyword is used to create class?", "correct_answer": "class"}}, {"model": "quiz.question", "pk": 15, "fields": {"category": 3, "text": "Constructor name must be same as?", "correct_answer": "Class Name"}}, {"model": "quiz.question", "pk": 16, "fields": {"category": 3, "text": "Which feature allows one class to acquire properties of another?", "correct_answer": "Inheritance"}}, {"model": "quiz.question", "pk": 17, "fields": {"category": 3, "text": "Which operator is used for scope resolution?", "correct_answer": "::"}}, {"model": "quiz.question", "pk": 18, "fields": {"category": 3, "text": "Which concept hides data?", "correct_answer": "Encapsulation"}}, {"model": "quiz.question", "pk": 19, "fields": {"category": 3, "text": "Object is instance of?", "correct_answer": "Class"}}, {"model": "quiz.question", "pk": 20, "fields": {"category": 3, "text": "Which function is automatically called when object is destroyed?", "correct_answer": "Destructor"}}, {"model": "quiz.question", "pk": 21, "fields": {"category": 3, "text": "Which keyword is used for dynamic memory allocation?", "correct_answer": "new"}}, {"model": "quiz.question", "pk": 22, "fields": {"category": 4, "text": "Which data structure follows FIFO?", "correct_answer": "Queue"}}, {"model": "quiz.question", "pk": 23, "fields": {"category": 4, "text": "Which data structure follows LIFO?", "correct_answer": "Stack"}}, {"model": "quiz.question", "pk": 24, "fields": {"category": 4, "text": "Which structure stores elements in contiguous memory?", "correct_answer": "Array"}}, {"model": "quiz.question", "pk": 25, "fields": {"category": 4, "text": "Which data structure uses nodes with pointers?", "correct_answer": "Linked List"}}, {"model": "quiz.question", "pk": 26, "fields": {"category": 4, "text": "Which operation adds element in stack?", "correct_answer": "Push"}}, {"model": "quiz.question", "pk": 27, "fields": {"category": 4, "text": "Which operation removes element from queue?", "correct_answer": "Dequeue"}}, {"model": "quiz.question", "pk": 28, "fields": {"category": 4, "text": "Binary tree maximum children?", "correct_answer": "2"}}, {"model": "quiz.question", "pk": 29, "fields": {"category": 4, "text": "Which traversal visits Left-Root-Right?", "correct_answer": "Inorder"}}, {"model": "quiz.question", "pk": 30, "fields": {"category": 4, "text": "Graph is collection of?", "correct_answer": "Vertices & Edges"}}, {"model": "quiz.question", "pk": 31, "fields": {"category": 4, "text": "Which DS is best for recursion?", "correct_answer": "Stack"}}, {"model": "quiz.question", "pk": 32, "fields": {"category": 5, "text": "Which command shows current directory?", "correct_answer": "pwd"}}, {"model": "quiz.question", "pk": 33, "fields": {"category": 5, "text": "Which command lists files?", "correct_answer": "ls"}}, {"model": "quiz.question", "pk": 34, "fields": {"category": 5, "text": "Which command changes directory?", "correct_answer": "cd"}}, {"model": "quiz.question", "pk": 35, "fields": {"category": 5, "text": "Which command creates new directory?", "correct_answer": "mkdir"}}, {"model": "quiz.question", "pk": 36, "fields": {"category": 5, "text": "Which command removes file?", "correct_answer": "rm"}}, {"model": "quiz.question", "pk": 37, "fields": {"category": 5, "text": "Which command clears terminal?", "correct_answer": "clear"}}, {"model": "quiz.question", "pk": 38, "fields": {"category": 5, "text": "Linux is which type of OS?", "correct_answer": "Open Source"}}, {"model": "quiz.question", "pk": 39, "fields": {"category": 5, "text": "Which symbol represents root directory?", "correct_answer": "/"}}, {"model": "quiz.question", "pk": 40, "fields": {"category": 5, "text": "Which command shows manual of command?", "correct_answer": "man"}}, {"model": "quiz.question", "pk": 41, "fields": {"category": 5, "text": "Which file permission allows execution?", "correct_answer": "x"}}, {"model": "quiz.question", "pk": 42, "fields": {"category": 6, "text": "Which command retrieves data from table?", "correct_answer": "SELECT"}}, {"model": "quiz.question", "pk": 43, "fields": {"category": 6, "text": "Which command inserts new record?", "correct_answer": "INSERT"}}, {"model": "quiz.question", "pk": 44, "fields": {"category": 6, "text": "Which clause filters rows?", "correct_answer": "WHERE"}}, {"model": "quiz.question", "pk": 45, "fields": {"category": 6, "text": "Which command deletes table?", "correct_answer": "DROP"}}, {"model": "quiz.question", "pk": 46, "fields": {"category": 6, "text": "Which command updates data?", "correct_answer": "UPDATE"}}, {"model": "quiz.question", "pk": 47, "fields": {"category": 6, "text": "Which function counts rows?", "correct_answer": "COUNT()"}}, {"model": "quiz.question", "pk": 48, "fields": {"category": 6, "text": "Which clause sorts result?", "correct_answer": "ORDER BY"}}, {"model": "quiz.question", "pk": 49, "fields": {"category": 6, "text": "Primary key must be?", "correct_answer": "Unique"}}, {"model": "quiz.question", "pk": 50, "fields": {"category": 6, "text": "Which command creates table?", "correct_answer": "CREATE TABLE"}}, {"model": "quiz.question", "pk": 51, "fields": {"category": 6, "text": "Which join returns common records?", "correct_answer": "INNER JOIN"}}, {"model": "quiz.question", "pk": 52, "fields": {"category": 7, "text": "Which keyword is used to declare variable in VB.NET?", "correct_answer": "Dim"}}, {"model": "quiz.question", "pk": 53, "fields": {"category": 7, "text": "Which statement displays output?", "correct_answer": "Console.WriteLine()"}}, {"model": "quiz.question", "pk": 54, "fields": {"category": 7, "text": "VB.NET is based on which framework?", "correct_answer": ".NET Framework"}}, {"model": "quiz.question", "pk": 55, "fields": {"category": 7, "text": "Which keyword defines class?", "correct_answer": "Class"}}, {"model": "quiz.question", "pk": 56, "fields": {"category": 7, "text": "Which loop repeats until condition false?", "correct_answer": "While"}}, {"model": "quiz.question", "pk": 57, "fields": {"category": 7, "text": "Which symbol is used for comments?", "correct_answer": "' (apostrophe)"}}, {"model": "quiz.question", "pk": 58, "fields": {"category": 7, "text": "Which data type stores text?", "correct_answer": "String"}}, {"model": "quiz.question", "pk": 59, "fields": {"category": 7, "text": "Which keyword stops loop?", "correct_answer": "Exit"}}, {"model": "quiz.question", "pk": 60, "fields": {"category": 7, "text": "Which keyword is used for decision?", "correct_answer": "If"}}, {"model": "quiz.question", "pk": 61, "fields": {"category": 7, "text": "Which keyword ends program?", "correct_answer": "End"}}, {"model": "quiz.question", "pk": 62, "fields": {"category": 8, "text": "Embedded system is mainly designed for?", "correct_answer": "Specific task"}}, {"model": "quiz.question", "pk": 63, "fields": {"category": 8, "text": "Which OS is commonly used in embedded systems?", "correct_answer": "RTOS"}}, {"model": "quiz.question", "pk": 64, "fields": {"category": 8, "text": "RTOS stands for?", "correct_answer": "Real Time Operating System"}}, {"model": "quiz.question", "pk": 65, "fields": {"category": 8, "text": "Which feature is most important in RTOS?", "correct_answer": "Deterministic response"}}, {"model": "quiz.question", "pk": 66, "fields": {"category": 8, "text": "Which device commonly uses embedded OS?", "correct_answer": "Washing Machine"}}, {"model": "quiz.question", "pk": 67, "fields": {"category": 8, "text": "Which memory is mostly used in embedded systems?", "correct_answer": "Flash Memory"}}, {"model": "quiz.question", "pk": 68, "fields": {"category": 8, "text": "Microcontroller is used in?", "correct_answer": "Embedded systems"}}, {"model": "quiz.question", "pk": 69, "fields": {"category": 8, "text": "Which scheduling is common in RTOS?", "correct_answer": "Priority Scheduling"}}, {"model": "quiz.question", "pk": 70, "fields": {"category": 8, "text": "Embedded systems usually have?", "correct_answer": "Limited resources"}}, {"model": "quiz.question", "pk": 71, "fields": {"category": 8, "text": "Which language is widely used for embedded programming?", "correct_answer": "C"}}, {"model": "quiz.question", "pk": 72, "fields": {"category": 1, "text": "Which keyword is used to define a function in Python?", "correct_answer": "def"}}, {"model": "quiz.question", "pk": 73, "fields": {"category": 1, "text": "Which data type is used for text in Python?", "correct_answer": "str"}}, {"model": "quiz.question", "pk": 74, "fields": {"category": 1, "text": "Which symbol is used for comments in Python?", "correct_answer": "#"}}, {"model": "quiz.question", "pk": 75, "fields": {"category": 1, "text": "Which function prints output in Python?", "correct_answer": "print()"}}, {"model": "quiz.question", "pk": 76, "fields": {"category": 1, "text": "Which function takes input from user?", "correct_answer": "input()"}}, {"model": "quiz.question", "pk": 77, "fields": {"category": 1, "text": "Python is which type of language?", "correct_answer": "Interpreted Language"}}, {"model": "quiz.question", "pk": 78, "fields": {"category": 1, "text": "Which data structure stores key-value pairs?", "correct_answer": "Dictionary"}}, {"model": "quiz.question", "pk": 79, "fields": {"category": 1, "text": "Which keyword is used for conditional statement?", "correct_answer": "if"}}, {"model": "quiz.question", "pk": 80, "fields": {"category": 1, "text": "Which loop repeats until condition becomes false?", "correct_answer": "while"}}, {"model": "quiz.choice", "pk": 1, "fields": {"question": 1, "text": "Game"}}, {"model": "quiz.choice", "pk": 2, "fields": {"question": 1, "text": "App"}}, {"model": "quiz.choice", "pk": 3, "fields": {"question": 1, "text": "Programming language"}}, {"model": "quiz.choice", "pk": 4, "fields": {"question": 1, "text": "Website"}}, {"model": "quiz.choice", "pk": 5, "fields": {"question": 2, "text": ";"}}, {"model": "quiz.choice", "pk": 6, "fields": {"question": 2, "text": "."}}, {"model": "quiz.choice", "pk": 7, "fields": {"question": 2, "text": ":"}}, {"model": "quiz.choice", "pk": 8, "fields": {"question": 2, "text": "\""}}, {"model": "quiz.choice", "pk": 9, "fields": {"question": 3, "text": "main()"}}, {"model": "quiz.choice", "pk": 10, "fields": {"question": 3, "text": "start()"}}, {"model": "quiz.choice", "pk": 11, "fields": {"question": 3, "text": "run()"}}, {"model": "quiz.choice", "pk": 12, "fields": {"question": 3, "text": "init()"}}, {"model": "quiz.choice", "pk": 13, "fields": {"question": 4, "text": "string.h"}}, {"model": "quiz.choice", "pk": 14, "fields": {"question": 4, "text": "math.h"}}, {"model": "quiz.choice", "pk": 15, "fields": {"question": 4, "text": "stdio.h"}}, {"model": "quiz.choice", "pk": 16, "fields": {"question": 4, "text": "conio.h"}}, {"model": "quiz.choice", "pk": 17, "fields": {"question": 5, "text": "1"}}, {"model": "quiz.choice", "pk": 18, "fields": {"question": 5, "text": "0"}}, {"model": "quiz.choice", "pk": 19, "fields": {"question": 5, "text": "-1"}}, {"model": "quiz.choice", "pk": 20, "fields": {"question": 5, "text": "depends"}}, {"model": "quiz.choice", "pk": 21, "fields": {"question": 6, "text": "%"}}, {"model": "quiz.choice", "pk": 22, "fields": {"question": 6, "text": "|"}}, {"model": "quiz.choice", "pk": 23, "fields": {"question": 6, "text": "^"}}, {"model": "quiz.choice", "pk": 24, "fields": {"question": 6, "text": "&"}}, {"model": "quiz.choice", "pk": 25, "fields": {"question": 7, "text": "for"}}, {"model": "quiz.choice", "pk": 26, "fields": {"question": 7, "text": "do-while"}}, {"model": "quiz.choice", "pk": 27, "fields": {"question": 7, "text": "while"}}, {"model": "quiz.choice", "pk": 28, "fields": {"question": 7, "text": "if"}}, {"model": "quiz.choice", "pk": 29, "fields": {"question": 8, "text": "long"}}, {"model": "quiz.choice", "pk": 30, "fields": {"question": 8, "text": "char"}}, {"model": "quiz.choice", "pk": 31, "fields": {"question": 8, "text": "int"}}, {"model": "quiz.choice", "pk": 32, "fields": {"question": 8, "text": "float"}}, {"model": "quiz.choice", "pk": 33, "fields": {"question": 9, "text": "static"}}, {"model": "quiz.choice", "pk": 34, "fields": {"question": 9, "text": "const"}}, {"model": "quiz.choice", "pk": 35, "fields": {"question": 9, "text": "define"}}, {"model": "quiz.choice", "pk": 36, "fields": {"question": 9, "text": "fixed"}}, {"model": "quiz.choice", "pk": 37, "fields": {"question": 10, "text": "^"}}, {"model": "quiz.choice", "pk": 38, "fields": {"question": 10, "text": "**"}}, {"model": "quiz.choice", "pk": 39, "fields": {"question": 10, "text": "//"}}, {"model": "quiz.choice", "pk": 40, "fields": {"question": 10, "text": "!!"}}, {"model": "quiz.choice", "pk": 41, "fields": {"question": 11, "text": "scanf()"}}, {"model": "quiz.choice", "pk": 42, "fields": {"question": 11, "text": "printf()"}}, {"model": "quiz.choice", "pk": 43, "fields": {"question": 11, "text": "gets()"}}, {"model": "quiz.choice", "pk": 44, "fields": {"question": 11, "text": "puts()"}}, {"model": "quiz.choice", "pk": 45, "fields": {"question": 12, "text": "Encapsulation"}}, {"model": "quiz.choice", "pk": 46, "fields": {"question": 12, "text": "Function Overloading"}}, {"model": "quiz.choice", "pk": 47, "fields": {"question": 12, "text": "Inheritance"}}, {"model": "quiz.choice", "pk": 48, "fields": {"question": 12, "text": "Abstraction"}}, {"model": "quiz.choice", "pk": 49, "fields": {"question": 13, "text": "->"}}, {"model": "quiz.choice", "pk": 50, "fields": {"question": 13, "text": "::"}}, {"model": "quiz.choice", "pk": 51, "fields": {"question": 13, "text": ". (Dot)"}}, {"model": "quiz.choice", "pk": 52, "fields": {"question": 13, "text": "&"}}, {"model": "quiz.choice", "pk": 53, "fields": {"question": 14, "text": "object"}}, {"model": "quiz.choice", "pk": 54, "fields": {"question": 14, "text": "struct"}}, {"model": "quiz.choice", "pk": 55, "fields": {"question": 14, "text": "class"}}, {"model": "quiz.choice", "pk": 56, "fields": {"question": 14, "text": "define"}}, {"model": "quiz.choice", "pk": 57, "fields": {"question": 15, "text": "File Name"}}, {"model": "quiz.choice", "pk": 58, "fields": {"question": 15, "text": "Variable Name"}}, {"model": "quiz.choice", "pk": 59, "fields": {"question": 15, "text": "Function Name"}}, {"model": "quiz.choice", "pk": 60, "fields": {"question": 15, "text": "Class Name"}}, {"model": "quiz.choice", "pk": 61, "fields": {"question": 16, "text": "Polymorphism"}}, {"model": "quiz.choice", "pk": 62, "fields": {"question": 16, "text": "Inheritance"}}, {"model": "quiz.choice", "pk": 63, "fields": {"question": 16, "text": "Encapsulation"}}, {"model": "quiz.choice", "pk": 64, "fields": {"question": 16, "text": "Function"}}, {"model": "quiz.choice", "pk": 65, "fields": {"question": 17, "text": "."}}, {"model": "quiz.choice", "pk": 66, "fields": {"question": 17, "text": "->"}}, {"model": "quiz.choice", "pk": 67, "fields": {"question": 17, "text": "::"}}, {"model": "quiz.choice", "pk": 68, "fields": {"question": 17, "text": "**"}}, {"model": "quiz.choice", "pk": 69, "fields": {"question": 18, "text": "Inheritance"}}, {"model": "quiz.choice", "pk": 70, "fields": {"question": 18, "text": "Overloading"}}, {"model": "quiz.choice", "pk": 71, "fields": {"question": 18, "text": "Encapsulation"}}, {"model": "quiz.choice", "pk": 72, "fields": {"question": 18, "text": "Template"}}, {"model": "quiz.choice", "pk": 73, "fields": {"question": 19, "text": "Function"}}, {"model": "quiz.choice", "pk": 74, "fields": {"question": 19, "text": "Structure"}}, {"model": "quiz.choice", "pk": 75, "fields": {"question": 19, "text": "Class"}}, {"model": "quiz.choice", "pk": 76, "fields": {"question": 19, "text": "Loop"}}, {"model": "quiz.choice", "pk": 77, "fields": {"question": 20, "text": "Main"}}, {"model": "quiz.choice", "pk": 78, "fields": {"question": 20, "text": "Constructor"}}, {"model": "quiz.choice", "pk": 79, "fields": {"question": 20, "text": "Destructor"}}, {"model": "quiz.choice", "pk": 80, "fields": {"question": 20, "text": "Delete"}}, {"model": "quiz.choice", "pk": 81, "fields": {"question": 21, "text": "new"}}, {"model": "quiz.choice", "pk": 82, "fields": {"question": 21, "text": "malloc"}}, {"model": "quiz.choice", "pk": 83, "fields": {"question": 21, "text": "alloc"}}, {"model": "quiz.choice", "pk": 84, "fields": {"question": 21, "text": "create"}}, {"model": "quiz.choice", "pk": 85, "fields": {"question": 22, "text": "Stack"}}, {"model": "quiz.choice", "pk": 86, "fields": {"question": 22, "text": "Tree"}}, {"model": "quiz.choice", "pk": 87, "fields": {"question": 22, "text": "Queue"}}, {"model": "quiz.choice", "pk": 88, "fields": {"question": 22, "text": "Graph"}}, {"model": "quiz.choice", "pk": 89, "fields": {"question": 23, "text": "Queue"}}, {"model": "quiz.choice", "pk": 90, "fields": {"question": 23, "text": "Array"}}, {"model": "quiz.choice", "pk": 91, "fields": {"question": 23, "text": "Stack"}}, {"model": "quiz.choice", "pk": 92, "fields": {"question": 23, "text": "List"}}, {"model": "quiz.choice", "pk": 93, "fields": {"question": 24, "text": "Linked List"}}, {"model": "quiz.choice", "pk": 94, "fields": {"question": 24, "text": "Tree"}}, {"model": "quiz.choice", "pk": 95, "fields": {"question": 24, "text": "Array"}}, {"model": "quiz.choice", "pk": 96, "fields": {"question": 24, "text": "Graph"}}, {"model": "quiz.choice", "pk": 97, "fields": {"question": 25, "text": "Array"}}, {"model": "quiz.choice", "pk": 98, "fields": {"question": 25, "text": "Stack"}}, {"model": "quiz.choice", "pk": 99, "fields": {"question": 25, "text": "Linked List"}}, {"model": "quiz.choice", "pk": 100, "fields": {"question": 25, "text": "Queue"}}, {"model": "quiz.choice", "pk": 101, "fields": {"question": 26, "text": "Push"}}, {"model": "quiz.choice", "pk": 102, "fields": {"question": 26, "text": "Pop"}}, {"model": "quiz.choice", "pk": 103, "fields": {"question": 26, "text": "Insert"}}, {"model": "quiz.choice", "pk": 104, "fields": {"question": 26, "text": "Add"}}, {"model": "quiz.choice", "pk": 105, "fields": {"question": 27, "text": "Push"}}, {"model": "quiz.choice", "pk": 106, "fields": {"question": 27, "text": "Insert"}}, {"model": "quiz.choice", "pk": 107, "fields": {"question": 27, "text": "Delete"}}, {"model": "quiz.choice", "pk": 108, "fields": {"question": 27, "text": "Dequeue"}}, {"model": "quiz.choice", "pk": 109, "fields": {"question": 28, "text": "3"}}, {"model": "quiz.choice", "pk": 110, "fields": {"question": 28, "text": "2"}}, {"model": "quiz.choice", "pk": 111, "fields": {"question": 28, "text": "4"}}, {"model": "quiz.choice", "pk": 112, "fields": {"question": 28, "text": "Infinite"}}, {"model": "quiz.choice", "pk": 113, "fields": {"question": 29, "text": "Preorder"}}, {"model": "quiz.choice", "pk": 114, "fields": {"question": 29, "text": "Postorder"}}, {"model": "quiz.choice", "pk": 115, "fields": {"question": 29, "text": "Inorder"}}, {"model": "quiz.choice", "pk": 116, "fields": {"question": 29, "text": "Level"}}, {"model": "quiz.choice", "pk": 117, "fields": {"question": 30, "text": "Nodes only"}}, {"model": "quiz.choice", "pk": 118, "fields": {"question": 30, "text": "Arrays"}}, {"model": "quiz.choice", "pk": 119, "fields": {"question": 30, "text": "Vertices & Edges"}}, {"model": "quiz.choice", "pk": 120, "fields": {"question": 30, "text": "Functions"}}, {"model": "quiz.choice", "pk": 121, "fields": {"question": 31, "text": "Queue"}}, {"model": "quiz.choice", "pk": 122, "fields": {"question": 31, "text": "Tree"}}, {"model": "quiz.choice", "pk": 123, "fields": {"question": 31, "text": "Stack"}}, {"model": "quiz.choice", "pk": 124, "fields": {"question": 31, "text": "Graph"}}, {"model": "quiz.choice", "pk": 125, "fields": {"question": 32, "text": "ls"}}, {"model": "quiz.choice", "pk": 126, "fields": {"question": 32, "text": "cd"}}, {"model": "quiz.choice", "pk": 127, "fields": {"question": 32, "text": "pwd"}}, {"model": "quiz.choice", "pk": 128, "fields": {"question": 32, "text": "dir"}}, {"model": "quiz.choice", "pk": 129, "fields": {"question": 33, "text": "ls"}}, {"model": "quiz.choice", "pk": 130, "fields": {"question": 33, "text": "list"}}, {"model": "quiz.choice", "pk": 131, "fields": {"question": 33, "text": "show"}}, {"model": "quiz.choice", "pk": 132, "fields": {"question": 33, "text": "view"}}, {"model": "quiz.choice", "pk": 133, "fields": {"question": 34, "text": "pwd"}}, {"model": "quiz.choice", "pk": 134, "fields": {"question": 34, "text": "ls"}}, {"model": "quiz.choice", "pk": 135, "fields": {"question": 34, "text": "cd"}}, {"model": "quiz.choice", "pk": 136, "fields": {"question": 34, "text": "move"}}, {"model": "quiz.choice", "pk": 137, "fields": {"question": 35, "text": "rmdir"}}, {"model": "quiz.choice", "pk": 138, "fields": {"question": 35, "text": "dir"}}, {"model": "quiz.choice", "pk": 139, "fields": {"question": 35, "text": "mkdir"}}, {"model": "quiz.choice", "pk": 140, "fields": {"question": 35, "text": "make"}}, {"model": "quiz.choice", "pk": 141, "fields": {"question": 36, "text": "remove"}}, {"model": "quiz.choice", "pk": 142, "fields": {"question": 36, "text": "erase"}}, {"model": "quiz.choice", "pk": 143, "fields": {"question": 36, "text": "del"}}, {"model": "quiz.choice", "pk": 144, "fields": {"question": 36, "text": "rm"}}, {"model": "quiz.choice", "pk": 145, "fields": {"question": 37, "text": "cls"}}, {"model": "quiz.choice", "pk": 146, "fields": {"question": 37, "text": "clear"}}, {"model": "quiz.choice", "pk": 147, "fields": {"question": 37, "text": "clean"}}, {"model": "quiz.choice", "pk": 148, "fields": {"question": 37, "text": "wipe"}}, {"model": "quiz.choice", "pk": 149, "fields": {"question": 38, "text": "Closed"}}, {"model": "quiz.choice", "pk": 150, "fields": {"question": 38, "text": "Paid only"}}, {"model": "quiz.choice", "pk": 151, "fields": {"question": 38, "text": "Windows based"}}, {"model": "quiz.choice", "pk": 152, "fields": {"question": 38, "text": "Open Source"}}, {"model": "quiz.choice", "pk": 153, "fields": {"question": 39, "text": "."}}, {"model": "quiz.choice", "pk": 154, "fields": {"question": 39, "text": "/"}}, {"model": "quiz.choice", "pk": 155, "fields": {"question": 39, "text": "\\"}}, {"model": "quiz.choice", "pk": 156, "fields": {"question": 39, "text": "%"}}, {"model": "quiz.choice", "pk": 157, "fields": {"question": 40, "text": "doc"}}, {"model": "quiz.choice", "pk": 158, "fields": {"question": 40, "text": "help"}}, {"model": "quiz.choice", "pk": 159, "fields": {"question": 40, "text": "man"}}, {"model": "quiz.choice", "pk": 160, "fields": {"question": 40, "text": "info"}}, {"model": "quiz.choice", "pk": 161, "fields": {"question": 41, "text": "x"}}, {"model": "quiz.choice", "pk": 162, "fields": {"question": 41, "text": "r"}}, {"model": "quiz.choice", "pk": 163, "fields": {"question": 41, "text": "w"}}, {"model": "quiz.choice", "pk": 164, "fields": {"question": 41, "text": "e"}}, {"model": "quiz.choice", "pk": 165, "fields": {"question": 42, "text": "FETCH"}}, {"model": "quiz.choice", "pk": 166, "fields": {"question": 42, "text": "GET"}}, {"model": "quiz.choice", "pk": 167, "fields": {"question": 42, "text": "SELECT"}}, {"model": "quiz.choice", "pk": 168, "fields": {"question": 42, "text": "SHOW"}}, {"model": "quiz.choice", "pk": 169, "fields": {"question": 43, "text": "PUT"}}, {"model": "quiz.choice", "pk": 170, "fields": {"question": 43, "text": "CREATE"}}, {"model": "quiz.choice", "pk": 171, "fields": {"question": 43, "text": "ADD"}}, {"model": "quiz.choice", "pk": 172, "fields": {"question": 43, "text": "INSERT"}}, {"model": "quiz.choice", "pk": 173, "fields": {"question": 44, "text": "ORDER"}}, {"model": "quiz.choice", "pk": 174, "fields": {"question": 44, "text": "GROUP"}}, {"model": "quiz.choice", "pk": 175, "fields": {"question": 44, "text": "WHERE"}}, {"model": "quiz.choice", "pk": 176, "fields": {"question": 44, "text": "HAVING"}}, {"model": "quiz.choice", "pk": 177, "fields": {"question": 45, "text": "DROP"}}, {"model": "quiz.choice", "pk": 178, "fields": {"question": 45, "text": "DELETE"}}, {"model": "quiz.choice", "pk": 179, "fields": {"question": 45, "text": "REMOVE"}}, {"model": "quiz.choice", "pk": 180, "fields": {"question": 45, "text": "CLEAR"}}, {"model": "quiz.choice", "pk": 181, "fields": {"question": 46, "text": "MODIFY"}}, {"model": "quiz.choice", "pk": 182, "fields": {"question": 46, "text": "CHANGE"}}, {"model": "quiz.choice", "pk": 183, "fields": {"question": 46, "text": "UPDATE"}}, {"model": "quiz.choice", "pk": 184, "fields": {"question": 46, "text": "ALTER"}}, {"model": "quiz.choice", "pk": 185, "fields": {"question": 47, "text": "SUM()"}}, {"model": "quiz.choice", "pk": 186, "fields": {"question": 47, "text": "AVG()"}}, {"model": "quiz.choice", "pk": 187, "fields": {"question": 47, "text": "MAX()"}}, {"model": "quiz.choice", "pk": 188, "fields": {"question": 47, "text": "COUNT()"}}, {"model": "quiz.choice", "pk": 189, "fields": {"question": 48, "text": "GROUP"}}, {"model": "quiz.choice", "pk": 190, "fields": {"question": 48, "text": "ALIGN"}}, {"model": "quiz.choice", "pk": 191, "fields": {"question": 48, "text": "SORT"}}, {"model": "quiz.choice", "pk": 192, "fields": {"question": 48, "text": "ORDER BY"}}, {"model": "quiz.choice", "pk": 193, "fields": {"question": 49, "text": "Duplicate"}}, {"model": "quiz.choice", "pk": 194, "fields": {"question": 49, "text": "Null"}}, {"model": "quiz.choice", "pk": 195, "fields": {"question": 49, "text": "Unique"}}, {"model": "quiz.choice", "pk": 196, "fields": {"question": 49, "text": "Text"}}, {"model": "quiz.choice", "pk": 197, "fields": {"question": 50, "text": "MAKE TABLE"}}, {"model": "quiz.choice", "pk": 198, "fields": {"question": 50, "text": "NEW TABLE"}}, {"model": "quiz.choice", "pk": 199, "fields": {"question": 50, "text": "CREATE TABLE"}}, {"model": "quiz.choice", "pk": 200, "fields": {"question": 50, "text": "ADD TABLE"}}, {"model": "quiz.choice", "pk": 201, "fields": {"question": 51, "text": "INNER JOIN"}}, {"model": "quiz.choice", "pk": 202, "fields": {"question": 51, "text": "LEFT JOIN"}}, {"model": "quiz.choice", "pk": 203, "fields": {"question": 51, "text": "RIGHT JOIN"}}, {"model": "quiz.choice", "pk": 204, "fields": {"question": 51, "text": "FULL JOIN"}}, {"model": "quiz.choice", "pk": 205, "fields": {"question": 52, "text": "Var"}}, {"model": "quiz.choice", "pk": 206, "fields": {"question": 52, "text": "Let"}}, {"model": "quiz.choice", "pk": 207, "fields": {"question": 52, "text": "Dim"}}, {"model": "quiz.choice", "pk": 208, "fields": {"question": 52, "text": "Define"}}, {"model": "quiz.choice", "pk": 209, "fields": {"question": 53, "text": "Print()"}}, {"model": "quiz.choice", "pk": 210, "fields": {"question": 53, "text": "Console.WriteLine()"}}, {"model": "quiz.choice", "pk": 211, "fields": {"question": 53, "text": "Show()"}}, {"model": "quiz.choice", "pk": 212, "fields": {"question": 53, "text": "Display()"}}, {"model": "quiz.choice", "pk": 213, "fields": {"question": 54, "text": "Linux"}}, {"model": "quiz.choice", "pk": 214, "fields": {"question": 54, "text": "Java"}}, {"model": "quiz.choice", "pk": 215, "fields": {"question": 54, "text": "Python"}}, {"model": "quiz.choice", "pk": 216, "fields": {"question": 54, "text": ".NET Framework"}}, {"model": "quiz.choice", "pk": 217, "fields": {"question": 55, "text": "Module"}}, {"model": "quiz.choice", "pk": 218, "fields": {"question": 55, "text": "Object"}}, {"model": "quiz.choice", "pk": 219, "fields": {"question": 55, "text": "Class"}}, {"model": "quiz.choice", "pk": 220, "fields": {"question": 55, "text": "Structure"}}, {"model": "quiz.choice", "pk": 221, "fields": {"question": 56, "text": "While"}}, {"model": "quiz.choice", "pk": 222, "fields": {"question": 56, "text": "ForEach"}}, {"model": "quiz.choice", "pk": 223, "fields": {"question": 56, "text": "If"}}, {"model": "quiz.choice", "pk": 224, "fields": {"question": 56, "text": "Select"}}, {"model": "quiz.choice", "pk": 225, "fields": {"question": 57, "text": "//"}}, {"model": "quiz.choice", "pk": 226, "fields": {"question": 57, "text": ","}}, {"model": "quiz.choice", "pk": 227, "fields": {"question": 57, "text": "' (apostrophe)"}}, {"model": "quiz.choice", "pk": 228, "fields": {"question": 57, "text": "**"}}, {"model": "quiz.choice", "pk": 229, "fields": {"question": 58, "text": "Int"}}, {"model": "quiz.choice", "pk": 230, "fields": {"question": 58, "text": "Bool"}}, {"model": "quiz.choice", "pk": 231, "fields": {"question": 58, "text": "Char"}}, {"model": "quiz.choice", "pk": 232, "fields": {"question": 58, "text": "String"}}, {"model": "quiz.choice", "pk": 233, "fields": {"question": 59, "text": "Stop"}}, {"model": "quiz.choice", "pk": 234, "fields": {"question": 59, "text": "Exit"}}, {"model": "quiz.choice", "pk": 235, "fields": {"question": 59, "text": "Break"}}, {"model": "quiz.choice", "pk": 236, "fields": {"question": 59, "text": "End"}}, {"model": "quiz.choice", "pk": 237, "fields": {"question": 60, "text": "Loop"}}, {"model": "quiz.choice", "pk": 238, "fields": {"question": 60, "text": "If"}}, {"model": "quiz.choice", "pk": 239, "fields": {"question": 60, "text": "Case"}}, {"model": "quiz.choice", "pk": 240, "fields": {"question": 60, "text": "While"}}, {"model": "quiz.choice", "pk": 241, "fields": {"question": 61, "text": "Exit"}}, {"model": "quiz.choice", "pk": 242, "fields": {"question": 61, "text": "Close"}}, {"model": "quiz.choice", "pk": 243, "fields": {"question": 61, "text": "Stop"}}, {"model": "quiz.choice", "pk": 244, "fields": {"question": 61, "text": "End"}}, {"model": "quiz.choice", "pk": 245, "fields": {"question": 62, "text": "Gaming"}}, {"model": "quiz.choice", "pk": 246, "fields": {"question": 62, "text": "Office work"}}, {"model": "quiz.choice", "pk": 247, "fields": {"question": 62, "text": "Specific task"}}, {"model": "quiz.choice", "pk": 248, "fields": {"question": 62, "text": "Networking"}}, {"model": "quiz.choice", "pk": 249, "fields": {"question": 63, "text": "Windows"}}, {"model": "quiz.choice", "pk": 250, "fields": {"question": 63, "text": "RTOS"}}, {"model": "quiz.choice", "pk": 251, "fields": {"question": 63, "text": "macOS"}}, {"model": "quiz.choice", "pk": 252, "fields": {"question": 63, "text": "DOS"}}, {"model": "quiz.choice", "pk": 253, "fields": {"question": 64, "text": "Random Task OS"}}, {"model": "quiz.choice", "pk": 254, "fields": {"question": 64, "text": "Rapid Time OS"}}, {"model": "quiz.choice", "pk": 255, "fields": {"question": 64, "text": "Real Time Operating System"}}, {"model": "quiz.choice", "pk": 256, "fields": {"question": 64, "text": "Remote Task OS"}}, {"model": "quiz.choice", "pk": 257, "fields": {"question": 65, "text": "Internet browsing"}}, {"model": "quiz.choice", "pk": 258, "fields": {"question": 65, "text": "Large storage"}}, {"model": "quiz.choice", "pk": 259, "fields": {"question": 65, "text": "Graphics"}}, {"model": "quiz.choice", "pk": 260, "fields": {"question": 65, "text": "Deterministic response"}}, {"model": "quiz.choice", "pk": 261, "fields": {"question": 66, "text": "Desktop PC"}}, {"model": "quiz.choice", "pk": 262, "fields": {"question": 66, "text": "Washing Machine"}}, {"model": "quiz.choice", "pk": 263, "fields": {"question": 66, "text": "Laptop"}}, {"model": "quiz.choice", "pk": 264, "fields": {"question": 66, "text": "Printer cable"}}, {"model": "quiz.choice", "pk": 265, "fields": {"question": 67, "text": "DVD"}}, {"model": "quiz.choice", "pk": 266, "fields": {"question": 67, "text": "Flash Memory"}}, {"model": "quiz.choice", "pk": 267, "fields": {"question": 67, "text": "Hard Disk"}}, {"model": "quiz.choice", "pk": 268, "fields": {"question": 67, "text": "Tape"}}, {"model": "quiz.choice", "pk": 269, "fields": {"question": 68, "text": "Only servers"}}, {"model": "quiz.choice", "pk": 270, "fields": {"question": 68, "text": "Gaming consoles"}}, {"model": "quiz.choice", "pk": 271, "fields": {"question": 68, "text": "Embedded systems"}}, {"model": "quiz.choice", "pk": 272, "fields": {"question": 68, "text": "Routers only"}}, {"model": "quiz.choice", "pk": 273, "fields": {"question": 69, "text": "Random"}}, {"model": "quiz.choice", "pk": 274, "fields": {"question": 69, "text": "Lottery"}}, {"model": "quiz.choice", "pk": 275, "fields": {"question": 69, "text": "Manual"}}, {"model": "quiz.choice", "pk": 276, "fields": {"question": 69, "text": "Priority Scheduling"}}, {"model": "quiz.choice", "pk": 277, "fields": {"question": 70, "text": "Unlimited RAM"}}, {"model": "quiz.choice", "pk": 278, "fields": {"question": 70, "text": "Limited resources"}}, {"model": "quiz.choice", "pk": 279, "fields": {"question": 70, "text": "Powerful GPU"}}, {"model": "quiz.choice", "pk": 280, "fields": {"question": 70, "text": "Large monitors"}}, {"model": "quiz.choice", "pk": 281, "fields": {"question": 71, "text": "HTML"}}, {"model": "quiz.choice", "pk": 282, "fields": {"question": 71, "text": "CSS"}}, {"model": "quiz.choice", "pk": 283, "fields": {"question": 71, "text": "C"}}, {"model": "quiz.choice", "pk": 284, "fields": {"question": 71, "text": "SQL"}}, {"model": "quiz.choice", "pk": 285, "fields": {"question": 72, "text": "function"}}, {"model": "quiz.choice", "pk": 286, "fields": {"question": 72, "text": "define"}}, {"model": "quiz.choice", "pk": 287, "fields": {"question": 72, "text": "def"}}, {"model": "quiz.choice", "pk": 288, "fields": {"question": 72, "text": "func"}}, {"model": "quiz.choice", "pk": 289, "fields": {"question": 73, "text": "int"}}, {"model": "quiz.choice", "pk": 290, "fields": {"question": 73, "text": "str"}}, {"model": "quiz.choice", "pk": 291, "fields": {"question": 73, "text": "float"}}, {"model": "quiz.choice", "pk": 292, "fields": {"question": 73, "text": "char"}}, {"model": "quiz.choice", "pk": 293, "fields": {"question": 74, "text": "//"}}, {"model": "quiz.choice", "pk": 294, "fields": {"question": 74, "text": "**"}}, {"model": "quiz.choice", "pk": 295, "fields": {"question": 74, "text": "#"}}, {"model": "quiz.choice", "pk": 296, "fields": {"question": 74, "text": "%%"}}, {"model": "quiz.choice", "pk": 297, "fields": {"question": 75, "text": "display()"}}, {"model": "quiz.choice", "pk": 298, "fields": {"question": 75, "text": "show()"}}, {"model": "quiz.choice", "pk": 299, "fields": {"question": 75, "text": "print()"}}, {"model": "quiz.choice", "pk": 300, "fields": {"question": 75, "text": "write()"}}, {"model": "quiz.choice", "pk": 301, "fields": {"question": 76, "text": "get()"}}, {"model": "quiz.choice", "pk": 302, "fields": {"question": 76, "text": "input()"}}, {"model": "quiz.choice", "pk": 303, "fields": {"question": 76, "text": "read()"}}, {"model": "quiz.choice", "pk": 304, "fields": {"question": 76, "text": "scan()"}}, {"model": "quiz.choice", "pk": 305, "fields": {"question": 77, "text": "Assembly language"}}, {"model": "quiz.choice", "pk": 306, "fields": {"question": 77, "text": "Compiled only"}}, {"model": "quiz.choice", "pk": 307, "fields": {"question": 77, "text": "Interpreted Language"}}, {"model": "quiz.choice", "pk": 308, "fields": {"question": 77, "text": "Machine language"}}, {"model": "quiz.choice", "pk": 309, "fields": {"question": 78, "text": "Dictionary"}}, {"model": "quiz.choice", "pk": 310, "fields": {"question": 78, "text": "List"}}, {"model": "quiz.choice", "pk": 311, "fields": {"question": 78, "text": "Tuple"}}, {"model": "quiz.choice", "pk": 312, "fields": {"question": 78, "text": "Set"}}, {"model": "quiz.choice", "pk": 313, "fields": {"question": 79, "text": "when"}}, {"model": "quiz.choice", "pk": 314, "fields": {"question": 79, "text": "check"}}, {"model": "quiz.choice", "pk": 315, "fields": {"question": 79, "text": "condition"}}, {"model": "quiz.choice", "pk": 316, "fields": {"question": 79, "text": "if"}}, {"model": "quiz.choice", "pk": 317, "fields": {"question": 80, "text": "repeat"}}, {"model": "quiz.choice", "pk": 318, "fields": {"question": 80, "text": "while"}}, {"model": "quiz.choice", "pk": 319, "fields": {"question": 80, "text": "until"}}, {"model": "quiz.choice", "pk": 320, "fields": {"question": 80, "text": "do"}}, {"model": "quiz.result", "pk": 1, "fields": {"user": 1, "category": 1, "score": 1, "total": 1, "created_at": "2026-02-02T04:30:25.349Z"}}, {"model": "quiz.result", "pk": 2, "fields": {"user": 1, "category": 1, "score": 1, "total": 1, "created_at": "2026-02-03T04:22:49.618Z"}}, {"model": "quiz.result", "pk": 3, "fields": {"user": 1, "category": 1, "score": 0, "total": 1, "created_at": "2026-02-03T04:23:08.385Z"}}, {"model": "quiz.result", "pk": 4, "fields": {"user": 1, "category": 1, "score": 0, "total": 1, "created_at": "2026-02-03T04:41:11.948Z"}}, {"model": "quiz.result", "pk": 5, "fields": {"user": 1, "category": 1, "score": 1, "total": 1, "created_at": "2026-02-06T03:43:35.733Z"}}, {"model": "quiz.result", "pk": 6, "fields": {"user": 1, "category": 1, "score": 1, "total": 1, "created_at": "2026-02-06T03:48:33.994Z"}}, {"model": "quiz.result", "pk": 7, "fields": {"user": 1, "category": 1, "score": 0, "total": 1, "created_at": "2026-02-06T03:53:22.360Z"}}, {"model": "quiz.result", "pk": 8, "fields": {"user": 1, "category": 1, "score": 1, "total": 1, "created_at": "2026-02-06T03:54:02.825Z"}}, {"model": "quiz.result", "pk": 9, "fields": {"user": 1, "category": 1, "score": 0, "total": 1, "created_at": "2026-02-06T04:05:49.123Z"}}, {"model": "quiz.result", "pk": 10, "fields": {"user": 1, "category": 1, "score": 0, "total": 1, "created_at": "2026-02-06T04:09:14.317Z"}}, {"model": "quiz.result", "pk": 11, "fields": {"user": 1, "category": 1, "score": 0, "total": 1, "created_at": "2026-02-06T05:52:40.608Z"}}, {"model": "quiz.result", "pk": 12, "fields": {"user": 1, "category": 1, "score": 1, "total": 1, "created_at": "2026-02-23T14:38:10.303Z"}}, {"model": "quiz.result", "pk": 13, "fields": {"user": 1, "category": 1, "score": 0, "total": 1, "created_at": "2026-02-23T14:38:25.894Z"}}, {"model": "quiz.result", "pk": 14, "fields": {"user": 1, "category": 1, "score": 1, "total": 1, "created_at": "2026-03-19T17:38:31.164Z"}}, {"model": "quiz.result", "pk": 15, "fields": {"user": 1, "category": 1, "score": 0, "total": 1, "created_at": "2026-03-19T17:38:37.758Z"}}, {"model": "quiz.result", "pk": 16, "fields": {"user": 1, "category": 1, "score": 1, "total": 1, "created_at": "2026-03-19T18:09:54.884Z"}}, {"model": "quiz.result", "pk": 17, "fields": {"user": 1, "category": 1, "score": 0, "total": 1, "created_at": "2026-03-19T18:10:01.829Z"}}, {"model": "quiz.result", "pk": 18, "fields": {"user": 1, "category": 1, "score": 0, "total": 1, "created_at": "2026-03-19T18:12:04.096Z"}}, {"model": "quiz.result", "pk": 19, "fields": {"user": 1, "category": 1, "score": 0, "total": 1, "created_at": "2026-03-19T18:12:25.480Z"}}, {"model": "quiz.result", "pk": 20, "fields": {"user": 1, "category": 1, "score": 0, "total": 1, "created_at": "2026-03-19T18:12:31.040Z"}}, {"model": "quiz.result", "pk": 21, "fields": {"user": 1, "category": 1, "score": 1, "total": 1, "created_at": "2026-03-19T18:16:16.615Z"}}, {"model": "quiz.result", "pk": 22, "fields": {"user": 1, "category": 1, "score": 1, "total": 1, "created_at": "2026-03-19T18:22:35.447Z"}}, {"model": "quiz.result", "pk": 23, "fields": {"user": 1, "category": 1, "score": 1, "total": 1, "created_at": "2026-03-19T18:31:39.633Z"}}, {"model": "quiz.result", "pk": 24, "fields": {"user": 1, "category": 1, "score": 0, "total": 1, "created_at": "2026-03-19T18:31:47.498Z"}}, {"model": "quiz.result", "pk": 25, "fields": {"user": 1, "category": 1, "score": 1, "total": 1, "created_at": "2026-03-19T18:35:40.913Z"}}, {"model": "quiz.result", "pk": 26, "fields": {"user": 1, "category": 1, "score": 9, "total": 10, "created_at": "2026-03-20T06:56:18.373Z"}}, {"model": "quiz.result", "pk": 27, "fields": {"user": 1, "category": 1, "score": 7, "total": 10, "created_at": "2026-03-20T06:59:21.810Z"}}, {"model": "quiz.result", "pk": 28, "fields": {"user": 1, "category": 1, "score": 4, "total": 10, "created_at": "2026-03-20T07:20:00.858Z"}}, {"model": "quiz.result", "pk": 29, "fields": {"user": 1, "category": 1, "score": 3, "total": 10, "created_at": "2026-03-20T07:20:42.978Z"}}, {"model": "quiz.result", "pk": 30, "fields": {"user": 1, "category": 1, "score": 4, "total": 10, "created_at": "2026-03-20T09:16:39.228Z"}}, {"model": "quiz.result", "pk": 31, "fields": {"user": 1, "category": 1, "score": 4, "total": 10, "created_at": "2026-03-20T10:16:35.124Z"}}, {"model": "quiz.result", "pk": 32, "fields": {"user": 1, "category": 1, "score": 5, "total": 10, "created_at": "2026-03-20T10:17:22.493Z"}}, {"model": "quiz.result", "pk": 33, "fields": {"user": 1, "category": 2, "score": 10, "total": 10, "created_at": "2026-03-20T12:57:19.502Z"}}, {"model": "quiz.result", "pk": 34, "fields": {"user": 1, "category": 8, "score": 6, "total": 10, "created_at": "2026-03-20T12:57:56.713Z"}}, {"model": "quiz.result", "pk": 35, "fields": {"user": 1, "category": 1, "score": 5, "total": 10, "created_at": "2026-03-20T13:05:16.046Z"}}, {"model": "quiz.result", "pk": 36, "fields": {"user": 1, "category": 5, "score": 4, "total": 10, "created_at": "2026-03-20T13:20:19.478Z"}}, {"model": "quiz.result", "pk": 37, "fields": {"user": 1, "category": 7, "score": 8, "total": 10, "created_at": "2026-03-20T13:24:58.923Z"}}, {"model": "quiz.result", "pk": 38, "fields": {"user": 1, "category": 1, "score": 6, "total": 10, "created_at": "2026-03-20T13:53:43.160Z"}}, {"model": "quiz.result", "pk": 39, "fields": {"user": 1, "category": 8, "score": 3, "total": 10, "created_at": "2026-03-20T16:12:48.179Z"}}, {"model": "quiz.result", "pk": 40, "fields": {"user": 1, "category": 4, "score": 5, "total": 10, "created_at": "2026-03-20T16:23:11.104Z"}}]
